API Call,Count
GetProcAddress,5220
OpenDesktopW,1
gethostbyname,89
TranslateMessage,482
send,89
ExitProcess,960
PR_Close,11
InternetReadFile,60
CertVerifyCertificateChainPolicy,11
NtQuerySystemInformation,5
InternetOpenUrlA,4
InternetOpenUrlW,11
GetFileAttributesW,238
InternetCloseHandle,98
SendInput,8
recv,97
WriteFile,2327
InternetQueryDataAvailable,16
CryptEncrypt,14
WSASend,17
HttpOpenRequestA,29
HttpOpenRequestW,24
GetMessageA,111
GetMessageW,64
PR_Read,3
VirtualAlloc,4406
inet_addr,86
CreateFileW,457
VirtualFree,898
GetClipboardData,29
LoadLibraryA,3560
HttpSendRequestA,38
HttpSendRequestW,14
GetFileAttributesExW,22
CloseHandle,4438
getaddrinfo,2
PR_Write,2
InternetWriteFile,22
InternetReadFileExA,5
WSARecv,14
HttpSendRequestExW,30
HttpSendRequestExA,4
GetModuleHandleA,2891
GetModuleFileNameA,2259
RegCloseKey,6095
GetWindowTextA,357
SetClipboardData,65
